[
  {
    "id": 1,
    "Locations": "Chino, California, United States",
    "ProductId": "SKU_521",
    "ProductType": "Public Safety",
    "SubcriptionId": "SUB_739"
  },
  {
    "id": 2,
    "Locations": "Modesto, California, United States",
    "ProductId": "SKU_780",
    "ProductType": "Maritime",
    "SubcriptionId": "SUB_242"
  },
  {
    "id": 3,
    "Locations": "Mountain View, California, United States",
    "ProductId": "SKU_323",
    "ProductType": "Fishery",
    "SubcriptionId": "SUB_740"
  },
  {
    "id": 4,
    "Locations": "Davie, Florida, United States",
    "ProductId": "SKU_658",
    "ProductType": "Facilities Services",
    "SubcriptionId": "SUB_103"
  },
  {
    "id": 5,
    "Locations": "Methuen, Massachusetts, United States",
    "ProductId": "SKU_805",
    "ProductType": "Animation",
    "SubcriptionId": "SUB_74"
  },
  {
    "id": 6,
    "Locations": "Midland, Michigan, United States",
    "ProductId": "SKU_210",
    "ProductType": "Transportation/Trucking/Railroad",
    "SubcriptionId": "SUB_717"
  },
  {
    "id": 7,
    "Locations": "La Habra, California, United States",
    "ProductId": "SKU_921",
    "ProductType": "Public Safety",
    "SubcriptionId": "SUB_193"
  },
  {
    "id": 8,
    "Locations": "Pembroke Pines, Florida, United States",
    "ProductId": "SKU_153",
    "ProductType": "Legal Services",
    "SubcriptionId": "SUB_875"
  },
  {
    "id": 9,
    "Locations": "Manchester, New Hampshire, United States",
    "ProductId": "SKU_57",
    "ProductType": "Information Services",
    "SubcriptionId": "SUB_867"
  },
  {
    "id": 10,
    "Locations": "Folsom, California, United States",
    "ProductId": "SKU_497",
    "ProductType": "Events Services",
    "SubcriptionId": "SUB_887"
  },
  {
    "id": 11,
    "Locations": "Kenosha, Wisconsin, United States",
    "ProductId": "SKU_579",
    "ProductType": "Medical Device",
    "SubcriptionId": "SUB_521"
  },
  {
    "id": 12,
    "Locations": "Warwick, Rhode Island, United States",
    "ProductId": "SKU_700",
    "ProductType": "Glass, Ceramics & Concrete",
    "SubcriptionId": "SUB_657"
  },
  {
    "id": 13,
    "Locations": "McAllen, Texas, United States",
    "ProductId": "SKU_408",
    "ProductType": "Medical Device",
    "SubcriptionId": "SUB_277"
  },
  {
    "id": 14,
    "Locations": "Kenner, Louisiana, United States",
    "ProductId": "SKU_328",
    "ProductType": "Individual & Family Services",
    "SubcriptionId": "SUB_126"
  },
  {
    "id": 15,
    "Locations": "Summerville, South Carolina, United States",
    "ProductId": "SKU_981",
    "ProductType": "Restaurants",
    "SubcriptionId": "SUB_33"
  },
  {
    "id": 16,
    "Locations": "Weston, Florida, United States",
    "ProductId": "SKU_674",
    "ProductType": "Events Services",
    "SubcriptionId": "SUB_884"
  },
  {
    "id": 17,
    "Locations": "Topeka, Kansas, United States",
    "ProductId": "SKU_418",
    "ProductType": "Plastics",
    "SubcriptionId": "SUB_901"
  },
  {
    "id": 18,
    "Locations": "Laguna Niguel, California, United States",
    "ProductId": "SKU_324",
    "ProductType": "Utilities",
    "SubcriptionId": "SUB_231"
  },
  {
    "id": 19,
    "Locations": "Arlington Heights, Illinois, United States",
    "ProductId": "SKU_258",
    "ProductType": "Performing Arts",
    "SubcriptionId": "SUB_741"
  },
  {
    "id": 20,
    "Locations": "White Plains, New York, United States",
    "ProductId": "SKU_410",
    "ProductType": "Medical Device",
    "SubcriptionId": "SUB_886"
  },
  {
    "id": 21,
    "Locations": "Denton, Texas, United States",
    "ProductId": "SKU_818",
    "ProductType": "Program Development",
    "SubcriptionId": "SUB_721"
  },
  {
    "id": 22,
    "Locations": "Clovis, California, United States",
    "ProductId": "SKU_847",
    "ProductType": "Facilities Services",
    "SubcriptionId": "SUB_675"
  },
  {
    "id": 23,
    "Locations": "Altoona, Pennsylvania, United States",
    "ProductId": "SKU_741",
    "ProductType": "Motion Pictures & Film",
    "SubcriptionId": "SUB_884"
  },
  {
    "id": 24,
    "Locations": "Hollywood, Florida, United States",
    "ProductId": "SKU_371",
    "ProductType": "Sports",
    "SubcriptionId": "SUB_720"
  },
  {
    "id": 25,
    "Locations": "La Habra, California, United States",
    "ProductId": "SKU_8",
    "ProductType": "Gambling & Casinos",
    "SubcriptionId": "SUB_78"
  },
  {
    "id": 26,
    "Locations": "Sherman, Texas, United States",
    "ProductId": "SKU_886",
    "ProductType": "Translation & Localization",
    "SubcriptionId": "SUB_373"
  },
  {
    "id": 27,
    "Locations": "Carmel, Indiana, United States",
    "ProductId": "SKU_433",
    "ProductType": "Restaurants",
    "SubcriptionId": "SUB_915"
  },
  {
    "id": 28,
    "Locations": "Dubuque, Iowa, United States",
    "ProductId": "SKU_625",
    "ProductType": "Restaurants",
    "SubcriptionId": "SUB_896"
  },
  {
    "id": 29,
    "Locations": "Cypress, California, United States",
    "ProductId": "SKU_928",
    "ProductType": "Wine & Spirits",
    "SubcriptionId": "SUB_616"
  },
  {
    "id": 30,
    "Locations": "Biloxi, Mississippi, United States",
    "ProductId": "SKU_301",
    "ProductType": "Computer Hardware",
    "SubcriptionId": "SUB_656"
  },
  {
    "id": 31,
    "Locations": "Wichita Falls, Texas, United States",
    "ProductId": "SKU_702",
    "ProductType": "Telecommunications",
    "SubcriptionId": "SUB_950"
  },
  {
    "id": 32,
    "Locations": "Portsmouth, Virginia, United States",
    "ProductId": "SKU_443",
    "ProductType": "Sports",
    "SubcriptionId": "SUB_197"
  },
  {
    "id": 33,
    "Locations": "Las Cruces, New Mexico, United States",
    "ProductId": "SKU_678",
    "ProductType": "Renewables & Environment",
    "SubcriptionId": "SUB_393"
  },
  {
    "id": 34,
    "Locations": "Southaven, Mississippi, United States",
    "ProductId": "SKU_263",
    "ProductType": "Staffing & Recruiting",
    "SubcriptionId": "SUB_576"
  },
  {
    "id": 35,
    "Locations": "Plantation, Florida, United States",
    "ProductId": "SKU_855",
    "ProductType": "Telecommunications",
    "SubcriptionId": "SUB_322"
  },
  {
    "id": 36,
    "Locations": "Yuba City, California, United States",
    "ProductId": "SKU_789",
    "ProductType": "Higher Education",
    "SubcriptionId": "SUB_8"
  },
  {
    "id": 37,
    "Locations": "Johnson City, Tennessee, United States",
    "ProductId": "SKU_880",
    "ProductType": "Program Development",
    "SubcriptionId": "SUB_545"
  },
  {
    "id": 38,
    "Locations": "Bloomington, Minnesota, United States",
    "ProductId": "SKU_961",
    "ProductType": "Events Services",
    "SubcriptionId": "SUB_225"
  },
  {
    "id": 39,
    "Locations": "Shawnee, Kansas, United States",
    "ProductId": "SKU_469",
    "ProductType": "Events Services",
    "SubcriptionId": "SUB_252"
  },
  {
    "id": 40,
    "Locations": "Diamond Bar, California, United States",
    "ProductId": "SKU_173",
    "ProductType": "Program Development",
    "SubcriptionId": "SUB_520"
  },
  {
    "id": 41,
    "Locations": "Costa Mesa, California, United States",
    "ProductId": "SKU_608",
    "ProductType": "Events Services",
    "SubcriptionId": "SUB_93"
  },
  {
    "id": 42,
    "Locations": "Boca Raton, Florida, United States",
    "ProductId": "SKU_713",
    "ProductType": "Program Development",
    "SubcriptionId": "SUB_969"
  },
  {
    "id": 43,
    "Locations": "Ontario, California, United States",
    "ProductId": "SKU_369",
    "ProductType": "Newspapers",
    "SubcriptionId": "SUB_492"
  },
  {
    "id": 44,
    "Locations": "Spanish Fork, Utah, United States",
    "ProductId": "SKU_538",
    "ProductType": "Outsourcing/Offshoring",
    "SubcriptionId": "SUB_844"
  },
  {
    "id": 45,
    "Locations": "Bayonne, New Jersey, United States",
    "ProductId": "SKU_987",
    "ProductType": "Facilities Services",
    "SubcriptionId": "SUB_397"
  },
  {
    "id": 46,
    "Locations": "Saginaw, Michigan, United States",
    "ProductId": "SKU_447",
    "ProductType": "Warehousing",
    "SubcriptionId": "SUB_745"
  },
  {
    "id": 47,
    "Locations": "Duluth, Minnesota, United States",
    "ProductId": "SKU_719",
    "ProductType": "Defense & Space",
    "SubcriptionId": "SUB_336"
  },
  {
    "id": 48,
    "Locations": "Auburn, Washington, United States",
    "ProductId": "SKU_83",
    "ProductType": "Construction",
    "SubcriptionId": "SUB_163"
  },
  {
    "id": 49,
    "Locations": "Keller, Texas, United States",
    "ProductId": "SKU_260",
    "ProductType": "Warehousing",
    "SubcriptionId": "SUB_310"
  },
  {
    "id": 50,
    "Locations": "Commerce City, Colorado, United States",
    "ProductId": "SKU_988",
    "ProductType": "Sports",
    "SubcriptionId": "SUB_759"
  },
  {
    "id": 51,
    "Locations": "Compton, California, United States",
    "ProductId": "SKU_879",
    "ProductType": "Government Relations",
    "SubcriptionId": "SUB_577"
  },
  {
    "id": 52,
    "Locations": "Collierville, Tennessee, United States",
    "ProductId": "SKU_800",
    "ProductType": "International Affairs",
    "SubcriptionId": "SUB_572"
  },
  {
    "id": 53,
    "Locations": "San Gabriel, California, United States",
    "ProductId": "SKU_130",
    "ProductType": "Restaurants",
    "SubcriptionId": "SUB_192"
  },
  {
    "id": 54,
    "Locations": "Santee, California, United States",
    "ProductId": "SKU_606",
    "ProductType": "Building Materials",
    "SubcriptionId": "SUB_558"
  },
  {
    "id": 55,
    "Locations": "Marana, Arizona, United States",
    "ProductId": "SKU_328",
    "ProductType": "Financial Services",
    "SubcriptionId": "SUB_238"
  },
  {
    "id": 56,
    "Locations": "Taylor, Michigan, United States",
    "ProductId": "SKU_997",
    "ProductType": "Gambling & Casinos",
    "SubcriptionId": "SUB_145"
  },
  {
    "id": 57,
    "Locations": "Redding, California, United States",
    "ProductId": "SKU_489",
    "ProductType": "Warehousing",
    "SubcriptionId": "SUB_276"
  },
  {
    "id": 58,
    "Locations": "Everett, Washington, United States",
    "ProductId": "SKU_304",
    "ProductType": "Newspapers",
    "SubcriptionId": "SUB_462"
  },
  {
    "id": 59,
    "Locations": "Overland Park, Kansas, United States",
    "ProductId": "SKU_976",
    "ProductType": "Outsourcing/Offshoring",
    "SubcriptionId": "SUB_308"
  },
  {
    "id": 60,
    "Locations": "Denton, Texas, United States",
    "ProductId": "SKU_482",
    "ProductType": "Computer Software",
    "SubcriptionId": "SUB_388"
  },
  {
    "id": 61,
    "Locations": "Oxnard, California, United States",
    "ProductId": "SKU_424",
    "ProductType": "Consumer Services",
    "SubcriptionId": "SUB_524"
  },
  {
    "id": 62,
    "Locations": "North Lauderdale, Florida, United States",
    "ProductId": "SKU_970",
    "ProductType": "Public Policy",
    "SubcriptionId": "SUB_948"
  },
  {
    "id": 63,
    "Locations": "Wylie, Texas, United States",
    "ProductId": "SKU_754",
    "ProductType": "Plastics",
    "SubcriptionId": "SUB_128"
  },
  {
    "id": 64,
    "Locations": "Santa Ana, California, United States",
    "ProductId": "SKU_63",
    "ProductType": "Hospitality",
    "SubcriptionId": "SUB_537"
  },
  {
    "id": 65,
    "Locations": "Trenton, New Jersey, United States",
    "ProductId": "SKU_668",
    "ProductType": "Utilities",
    "SubcriptionId": "SUB_486"
  },
  {
    "id": 66,
    "Locations": "Sherman, Texas, United States",
    "ProductId": "SKU_447",
    "ProductType": "Newspapers",
    "SubcriptionId": "SUB_824"
  },
  {
    "id": 67,
    "Locations": "Cape Girardeau, Missouri, United States",
    "ProductId": "SKU_352",
    "ProductType": "Outsourcing/Offshoring",
    "SubcriptionId": "SUB_881"
  },
  {
    "id": 68,
    "Locations": "White Plains, New York, United States",
    "ProductId": "SKU_652",
    "ProductType": "Telecommunications",
    "SubcriptionId": "SUB_276"
  },
  {
    "id": 69,
    "Locations": "Columbus, Ohio, United States",
    "ProductId": "SKU_917",
    "ProductType": "Package/Freight Delivery",
    "SubcriptionId": "SUB_605"
  },
  {
    "id": 70,
    "Locations": "St. Joseph, Missouri, United States",
    "ProductId": "SKU_745",
    "ProductType": "Logistics & Supply Chain",
    "SubcriptionId": "SUB_435"
  },
  {
    "id": 71,
    "Locations": "Schaumburg, Illinois, United States",
    "ProductId": "SKU_304",
    "ProductType": "Warehousing",
    "SubcriptionId": "SUB_217"
  },
  {
    "id": 72,
    "Locations": "Pharr, Texas, United States",
    "ProductId": "SKU_905",
    "ProductType": "Consumer Services",
    "SubcriptionId": "SUB_520"
  },
  {
    "id": 73,
    "Locations": "San Mateo, California, United States",
    "ProductId": "SKU_861",
    "ProductType": "Oil & Energy",
    "SubcriptionId": "SUB_443"
  },
  {
    "id": 74,
    "Locations": "Tempe, Arizona, United States",
    "ProductId": "SKU_247",
    "ProductType": "Executive Office",
    "SubcriptionId": "SUB_882"
  },
  {
    "id": 75,
    "Locations": "Riverside, California, United States",
    "ProductId": "SKU_688",
    "ProductType": "Legal Services",
    "SubcriptionId": "SUB_405"
  },
  {
    "id": 76,
    "Locations": "Alhambra, California, United States",
    "ProductId": "SKU_315",
    "ProductType": "Telecommunications",
    "SubcriptionId": "SUB_625"
  },
  {
    "id": 77,
    "Locations": "Norman, Oklahoma, United States",
    "ProductId": "SKU_939",
    "ProductType": "Consumer Goods",
    "SubcriptionId": "SUB_353"
  },
  {
    "id": 78,
    "Locations": "Oakland Park, Florida, United States",
    "ProductId": "SKU_11",
    "ProductType": "Information Services",
    "SubcriptionId": "SUB_88"
  },
  {
    "id": 79,
    "Locations": "Chicopee, Massachusetts, United States",
    "ProductId": "SKU_90",
    "ProductType": "Wine & Spirits",
    "SubcriptionId": "SUB_163"
  },
  {
    "id": 80,
    "Locations": "Frisco, Texas, United States",
    "ProductId": "SKU_219",
    "ProductType": "Warehousing",
    "SubcriptionId": "SUB_385"
  },
  {
    "id": 81,
    "Locations": "Oakland, California, United States",
    "ProductId": "SKU_919",
    "ProductType": "Fishery",
    "SubcriptionId": "SUB_751"
  },
  {
    "id": 82,
    "Locations": "Bowling Green, Kentucky, United States",
    "ProductId": "SKU_430",
    "ProductType": "Program Development",
    "SubcriptionId": "SUB_497"
  },
  {
    "id": 83,
    "Locations": "Pocatello, Idaho, United States",
    "ProductId": "SKU_141",
    "ProductType": "Utilities",
    "SubcriptionId": "SUB_391"
  },
  {
    "id": 84,
    "Locations": "Lee's Summit, Missouri, United States",
    "ProductId": "SKU_579",
    "ProductType": "Newspapers",
    "SubcriptionId": "SUB_604"
  },
  {
    "id": 85,
    "Locations": "Wyoming, Michigan, United States",
    "ProductId": "SKU_279",
    "ProductType": "Facilities Services",
    "SubcriptionId": "SUB_816"
  },
  {
    "id": 86,
    "Locations": "Lake Forest, California, United States",
    "ProductId": "SKU_768",
    "ProductType": "Wine & Spirits",
    "SubcriptionId": "SUB_161"
  },
  {
    "id": 87,
    "Locations": "Avondale, Arizona, United States",
    "ProductId": "SKU_576",
    "ProductType": "Glass, Ceramics & Concrete",
    "SubcriptionId": "SUB_919"
  },
  {
    "id": 88,
    "Locations": "Compton, California, United States",
    "ProductId": "SKU_616",
    "ProductType": "Events Services",
    "SubcriptionId": "SUB_303"
  },
  {
    "id": 89,
    "Locations": "Lancaster, Pennsylvania, United States",
    "ProductId": "SKU_674",
    "ProductType": "Consumer Services",
    "SubcriptionId": "SUB_179"
  },
  {
    "id": 90,
    "Locations": "Eugene, Oregon, United States",
    "ProductId": "SKU_87",
    "ProductType": "Facilities & Services",
    "SubcriptionId": "SUB_327"
  },
  {
    "id": 91,
    "Locations": "San Marcos, Texas, United States",
    "ProductId": "SKU_309",
    "ProductType": "Information Services",
    "SubcriptionId": "SUB_199"
  },
  {
    "id": 92,
    "Locations": "Pasadena, Texas, United States",
    "ProductId": "SKU_885",
    "ProductType": "Defense & Space",
    "SubcriptionId": "SUB_156"
  },
  {
    "id": 93,
    "Locations": "Wichita, Kansas, United States",
    "ProductId": "SKU_525",
    "ProductType": "Motion Pictures & Film",
    "SubcriptionId": "SUB_188"
  },
  {
    "id": 94,
    "Locations": "Costa Mesa, California, United States",
    "ProductId": "SKU_772",
    "ProductType": "Sporting Goods",
    "SubcriptionId": "SUB_815"
  },
  {
    "id": 95,
    "Locations": "Pleasanton, California, United States",
    "ProductId": "SKU_448",
    "ProductType": "Public Safety",
    "SubcriptionId": "SUB_264"
  },
  {
    "id": 96,
    "Locations": "Tallahassee, Florida, United States",
    "ProductId": "SKU_282",
    "ProductType": "Supermarkets",
    "SubcriptionId": "SUB_280"
  },
  {
    "id": 97,
    "Locations": "Maplewood, Minnesota, United States",
    "ProductId": "SKU_348",
    "ProductType": "Market Research",
    "SubcriptionId": "SUB_632"
  },
  {
    "id": 98,
    "Locations": "Salinas, California, United States",
    "ProductId": "SKU_272",
    "ProductType": "Legal Services",
    "SubcriptionId": "SUB_72"
  },
  {
    "id": 99,
    "Locations": "Baytown, Texas, United States",
    "ProductId": "SKU_46",
    "ProductType": "Logistics & Supply Chain",
    "SubcriptionId": "SUB_151"
  },
  {
    "id": 100,
    "Locations": "Lombard, Illinois, United States",
    "ProductId": "SKU_544",
    "ProductType": "International Trade & Development",
    "SubcriptionId": "SUB_841"
  }
]